timestamp,elapsed_s,stage,system_mib,available_mib,memory_percent,swap_mib,cpu_percent,browser_rss_mib,teams_rss_mib,unreadable_processes
2026-09-29T17:50:27.706584+09:00,0.78,baseline,6349.265625,1842.734375,77.5,0.0,18.0,195.265625,0.0,285
2026-09-29T17:50:28.746494+09:00,1.82,baseline,6360.265625,1831.734375,77.6,0.0,17.2,195.265625,0.0,285
2026-09-29T17:50:29.783042+09:00,2.86,baseline,6328.609375,1863.390625,77.3,0.0,8.5,195.296875,0.0,285
2026-09-29T17:50:30.826513+09:00,3.9,baseline,6328.75,1863.25,77.3,0.0,9.2,195.296875,0.0,285
2026-09-29T17:50:31.868375+09:00,4.94,baseline,6328.890625,1863.109375,77.3,0.0,12.2,195.296875,0.0,285
2026-09-29T17:50:32.907405+09:00,5.98,baseline,6358.703125,1833.296875,77.6,0.0,12.7,194.140625,0.0,285
2026-09-29T17:50:33.951417+09:00,7.03,baseline,6358.328125,1833.671875,77.6,0.0,8.9,194.078125,0.0,285
2026-09-29T17:50:34.993075+09:00,8.07,baseline,6322.859375,1869.140625,77.2,0.0,13.4,194.078125,0.0,285
2026-09-29T17:50:36.026130+09:00,9.1,baseline,6350.953125,1841.046875,77.5,0.0,20.2,194.078125,0.0,285
2026-09-29T17:50:37.068666+09:00,10.14,baseline,6316.484375,1875.515625,77.1,0.0,23.0,194.140625,0.0,285
2026-09-29T17:50:38.111591+09:00,11.19,baseline,6302.671875,1889.328125,76.9,0.0,9.0,194.15625,0.0,285
2026-09-29T17:50:39.154411+09:00,12.23,baseline,6284.625,1907.375,76.7,0.0,8.5,194.15625,0.0,285
2026-09-29T17:50:40.195657+09:00,13.27,baseline,6351.265625,1840.734375,77.5,0.0,9.4,194.15625,0.0,285
2026-09-29T17:50:41.240892+09:00,14.32,baseline,6369.640625,1822.359375,77.8,0.0,18.6,194.09375,0.0,285
2026-09-29T17:50:42.284446+09:00,15.36,baseline,6449.09375,1742.90625,78.7,0.0,28.3,188.546875,0.0,285
2026-09-29T17:50:43.326815+09:00,16.4,baseline,6449.015625,1742.984375,78.7,0.0,24.9,187.125,0.0,285
2026-09-29T17:50:44.365433+09:00,17.44,baseline,6317.71875,1874.28125,77.1,0.0,12.2,187.15625,0.0,285
2026-09-29T17:50:45.407403+09:00,18.48,baseline,6280.296875,1911.703125,76.7,0.0,8.9,187.15625,0.0,285
2026-09-29T17:50:46.449383+09:00,19.52,baseline,6345.859375,1846.140625,77.5,0.0,14.6,187.15625,0.0,285
